<?xml version="1.0" encoding="UTF-8"?>
<project-private xmlns="http://www.netbeans.org/ns/project-private/1">
    <editor-bookmarks xmlns="http://www.netbeans.org/ns/editor-bookmarks/2" lastBookmarkId="0"/>
    <open-files xmlns="http://www.netbeans.org/ns/projectui-open-files/2">
        <group>
            <file>file:/C:/devel/workspace/AguaPotableRural/AguaPotableRural/src/aguapotablerural/AguaPotableRural.java</file>
            <file>file:/C:/devel/workspace/AguaPotableRural/AguaPotableRural/src/resources/DetailsController.java</file>
            <file>file:/C:/devel/workspace/AguaPotableRural/AguaPotableRural/src/resources/AddUsuarioController.java</file>
            <file>file:/C:/devel/workspace/AguaPotableRural/AguaPotableRural/src/resources/LoginController.java</file>
            <file>file:/C:/devel/workspace/AguaPotableRural/AguaPotableRural/src/resources/UsuariosController.java</file>
            <file>file:/C:/devel/workspace/AguaPotableRural/AguaPotableRural/src/resources/styles/estilo.css</file>
            <file>file:/C:/devel/workspace/AguaPotableRural/AguaPotableRural/src/aguapotablerural/dao/impl/UsuarioRepositoryImpl.java</file>
            <file>file:/C:/devel/workspace/AguaPotableRural/AguaPotableRural/src/resources/EditUsuarioController.java</file>
            <file>file:/C:/devel/workspace/AguaPotableRural/AguaPotableRural/src/resources/UsuariosView.fxml</file>
        </group>
    </open-files>
</project-private>
